,Year,Month,Net_Revenue_USD,Profit_USD,Profit_Margin_Pct,Units_Sold,Order_ID,Logistics_Cost_USD,Marketing_Spend_USD,COGS_USD,Unit_Price_USD,Date,Margin_Pct,Logistics_Rate,COGS_Rate
0,2023,1,408301.7,94361.3,19.794242990654205,110629,535,27940.41,43286.62,242713.37,4.358878504672897,2023-01-01,23.110680166161444,6.843079516935638,59.44461411745286
1,2023,2,354938.26,80910.28,19.57114406779661,98261,472,24395.52,39437.88,210194.58,4.418114406779661,2023-02-01,22.79559267575155,6.873172816027215,59.22004012754217
2,2023,3,371116.33,84222.5,20.35087890625,105895,512,24777.09,40046.44,222070.3,4.20291015625,2023-03-01,22.69436648072048,6.676367488329063,59.83846089445861
3,2023,4,357347.48,81665.56999999999,19.951810865191145,100548,497,25161.47,38509.72,212010.72,4.22953722334004,2023-04-01,22.853265958388736,7.041177399655932,59.329009400038316
4,2023,5,360818.12,81284.58,19.92471816283925,99014,479,24584.69,38239.59,216709.26,4.279290187891441,2023-05-01,22.527854199783537,6.8135962794773155,60.0605257851241
5,2023,6,380024.14,81547.23,19.16431492842536,100032,489,26520.31,40979.5,230977.1,4.431574642126789,2023-06-01,21.45843419315415,6.978585623534336,60.779586265230414
6,2023,7,380199.86,84152.04,20.43897338403042,105993,526,26135.08,43060.83,226851.91,4.382604562737643,2023-07-01,22.13363255841283,6.874037249777,59.666489619433314
7,2023,8,392488.52,85791.02,19.33323076923077,106795,520,27153.86,44216.24,235327.4,4.368730769230769,2023-08-01,21.85822403162263,6.918383243413081,59.957779147272895
8,2023,9,371716.66,85697.78,20.28250501002004,103460,499,25393.0,40678.159999999996,219947.72,4.21875751503006,2023-09-01,23.054597552878047,6.83127842588492,59.170799608497504
9,2023,10,403345.37,91848.23,20.372247191011237,113873,534,27310.16,43007.91,241179.07,4.266348314606741,2023-10-01,22.771608857193527,6.7709119854282696,59.794679185235225
10,2023,11,383222.99,84822.43,19.25463157894737,106709,475,26150.97,43358.23,228891.36,4.387136842105263,2023-11-01,22.133961743787864,6.823956464616071,59.727982394793166
11,2023,12,429787.17,97181.04,20.045706214689265,113915,531,29781.35,47310.8,255513.98,4.4255555555555555,2023-12-01,22.611433468337363,6.929325042439029,59.45128143308699
12,2024,1,387196.28,91012.58,20.245456389452333,103187,493,26558.25,41353.1,228272.35,4.485010141987829,2024-01-01,23.50554091067197,6.859118067973173,58.95520225555886
13,2024,2,413143.9,99535.58,20.391431411530814,110812,503,27861.65,42039.13,243707.54,4.505765407554672,2024-02-01,24.09223033427336,6.743812506973962,58.98853643972475
14,2024,3,395718.26,92800.26,19.785999999999998,108500,520,27105.99,42252.8,233559.21,4.576076923076923,2024-03-01,23.45109371500825,6.849820374728223,59.021590259696374
15,2024,4,388949.96,86666.62,19.91010593220339,106387,472,26229.29,41735.43,234318.62,4.359067796610169,2024-04-01,22.28220308854126,6.743615554041965,60.243898726715386
16,2024,5,422960.68,92882.96,19.266325411334552,116206,547,28979.6,47578.69,253519.43,4.407550274223034,2024-05-01,21.96018788318574,6.851606158756884,59.93924305209647
17,2024,6,386594.24,87130.24,19.477151767151767,103587,481,26739.05,43093.52,229631.43,4.46987525987526,2024-06-01,22.537904341254546,6.916567096291967,59.39856475875067
18,2024,7,399964.4,86510.21,19.485460122699386,108302,489,27643.17,43964.23,241846.79,4.410306748466257,2024-07-01,21.62947752349959,6.911407615277759,60.46707907003723
19,2024,8,372987.42,85490.25,19.96496981891348,100191,497,25288.28,41401.19,220807.7,4.399899396378269,2024-08-01,22.920411095902377,6.779928395440253,59.19977140247787
20,2024,9,411851.11,94630.48,19.86699421965318,107847,519,27597.72,43399.23,246223.68,4.509402697495183,2024-09-01,22.976866567143645,6.700897321850123,59.78463430631521
21,2024,10,399160.1,96991.57,20.19554054054054,115120,518,26523.48,42027.81,233617.24,4.271505791505791,2024-10-01,24.298914144975917,6.644822465972927,58.527202493435595
22,2024,11,404944.21,90548.04,19.27499040307102,108172,521,28301.64,44683.19,241411.34,4.583819577735125,2024-11-01,22.360620985295725,6.989022018613378,59.61595055279343
23,2024,12,456863.41,110154.94,20.71588693957115,124317,513,30521.92,46138.87,270047.68,4.489922027290448,2024-12-01,24.111132033970506,6.680753882216131,59.10906281595193
24,2025,1,464740.22,110092.11,19.672444444444444,119517,540,31138.239999999998,49387.340000000004,274122.53,4.586462962962963,2025-01-01,23.68895681118368,6.700138843158443,58.98403413416641
25,2025,2,381580.46,88997.04,19.911338912133893,104386,478,25732.84,41596.52,225254.06,4.538493723849372,2025-02-01,23.323269750238257,6.743752025457487,59.031864472305514
26,2025,3,423643.42,96288.97,19.59153409090909,108153,528,28949.13,45903.64,252501.68,4.600321969696969,2025-03-01,22.728777423239574,6.833371801219054,59.60240808177784
27,2025,4,429827.38,99214.28,19.76760080645161,110081,496,29391.420000000002,46542.99,254678.69,4.709133064516129,2025-04-01,23.08235459546574,6.837958996469699,59.251388313140964
28,2025,5,454787.66,108233.85,20.00314126394052,116732,538,30429.670000000002,48295.35,267828.79,4.613513011152417,2025-05-01,23.79876578005657,6.690962107459117,58.89095363757231
29,2025,6,389038.64,87087.64,20.22595387840671,102211,477,26572.26,43307.31,232071.43,4.611299790356394,2025-06-01,22.385344550865177,6.830236708621025,59.652539912230814
30,2025,7,373404.97,86350.07,20.073918629550324,100812,467,25406.66,38911.67,222736.57,4.589421841541756,2025-07-01,23.12504571109485,6.804049769342921,59.65013534768967
31,2025,8,454648.33,104591.23,20.595234521575986,117391,533,30826.52,48004.8,271225.78,4.585722326454034,2025-08-01,23.004864001150075,6.780299841857991,59.65616985770079
32,2025,9,413041.17,94342.93000000001,19.722986247544203,105779,509,28060.06,45779.25,244858.93,4.7884086444007865,2025-09-01,22.841047540127782,6.793526175611017,59.28196697680283
33,2025,10,388158.81,89764.42,19.232451737451736,100714,518,26760.78,41951.22,229682.38999999998,4.591138996138996,2025-10-01,23.12569435175257,6.894286387574199,59.1722728127696
34,2025,11,352684.08,79688.56,19.38073221757322,93858,478,25190.15,41245.02,206560.35,4.603995815899582,2025-11-01,22.594884350889892,7.1424119852532035,58.568095843736415
35,2025,12,490724.29,116476.48,20.018283582089552,126088,536,32428.15,51207.81,290611.85,4.553768656716418,2025-12-01,23.73562555870222,6.608221899918589,59.221003712695776
